Model,Accuracy,ROC-AUC
Baseline (Dummy),0.5893333333333334,0.5
Logistic Regression,0.7933333333333333,0.8647088205911735
