Model,Accuracy,ROC-AUC
Logistic Regression,0.7933333333333333,0.8647088205911735
Random Forest,0.7626666666666667,0.8416656872539225
Baseline,0.5893333333333334,0.5
